t,r,y,u
0.000000,1.000000,0.010050,1.005000
0.010000,1.000000,0.019446,0.949650
0.020000,1.000000,0.028485,0.923302
0.030000,1.000000,0.037300,0.909980
0.040000,1.000000,0.045952,0.902527
0.050000,1.000000,0.054470,0.897732
0.060000,1.000000,0.062866,0.894158
0.070000,1.000000,0.071149,0.891159
0.080000,1.000000,0.079322,0.888447
0.090000,1.000000,0.087388,0.885890
0.100000,1.000000,0.095348,0.883430
0.110000,1.000000,0.103205,0.881041
0.120000,1.000000,0.110960,0.878709
0.130000,1.000000,0.118615,0.876429
0.140000,1.000000,0.126171,0.874198
0.150000,1.000000,0.133629,0.872014
0.160000,1.000000,0.140992,0.869876
0.170000,1.000000,0.148260,0.867783
0.180000,1.000000,0.155434,0.865733
0.190000,1.000000,0.162517,0.863727
0.200000,1.000000,0.169510,0.861764
0.210000,1.000000,0.176413,0.859842
0.220000,1.000000,0.183229,0.857961
0.230000,1.000000,0.189958,0.856121
0.240000,1.000000,0.196601,0.854321
0.250000,1.000000,0.203161,0.852560
0.260000,1.000000,0.209638,0.850838
0.270000,1.000000,0.216033,0.849154
0.280000,1.000000,0.222348,0.847507
0.290000,1.000000,0.228583,0.845897
0.300000,1.000000,0.234740,0.844323
0.310000,1.000000,0.240821,0.842784
0.320000,1.000000,0.246825,0.841281
0.330000,1.000000,0.252755,0.839812
0.340000,1.000000,0.258612,0.838377
0.350000,1.000000,0.264395,0.836975
0.360000,1.000000,0.270107,0.835606
0.370000,1.000000,0.275749,0.834269
0.380000,1.000000,0.281321,0.832964
0.390000,1.000000,0.286825,0.831691
0.400000,1.000000,0.292261,0.830448
0.410000,1.000000,0.297631,0.829235
0.420000,1.000000,0.302935,0.828052
0.430000,1.000000,0.308175,0.826898
0.440000,1.000000,0.313351,0.825773
0.450000,1.000000,0.318464,0.824676
0.460000,1.000000,0.323515,0.823607
0.470000,1.000000,0.328506,0.822565
0.480000,1.000000,0.333436,0.821551
0.490000,1.000000,0.338307,0.820563
0.500000,1.000000,0.343120,0.819600
0.510000,1.000000,0.347876,0.818664
0.520000,1.000000,0.352575,0.817753
0.530000,1.000000,0.357217,0.816866
0.540000,1.000000,0.361805,0.816004
0.550000,1.000000,0.366339,0.815166
0.560000,1.000000,0.370819,0.814351
0.570000,1.000000,0.375246,0.813559
0.580000,1.000000,0.379622,0.812791
0.590000,1.000000,0.383946,0.812044
0.600000,1.000000,0.388220,0.811320
0.610000,1.000000,0.392444,0.810618
0.620000,1.000000,0.396619,0.809936
0.630000,1.000000,0.400745,0.809276
0.640000,1.000000,0.404824,0.808636
0.650000,1.000000,0.408856,0.808017
0.660000,1.000000,0.412842,0.807418
0.670000,1.000000,0.416782,0.806838
0.680000,1.000000,0.420677,0.806277
0.690000,1.000000,0.424527,0.805735
0.700000,1.000000,0.428334,0.805212
0.710000,1.000000,0.432098,0.804708
0.720000,1.000000,0.435819,0.804221
0.730000,1.000000,0.439498,0.803752
0.740000,1.000000,0.443136,0.803300
0.750000,1.000000,0.446734,0.802866
0.760000,1.000000,0.450291,0.802448
0.770000,1.000000,0.453808,0.802046
0.780000,1.000000,0.457287,0.801661
0.790000,1.000000,0.460727,0.801292
0.800000,1.000000,0.464129,0.800939
0.810000,1.000000,0.467494,0.800601
0.820000,1.000000,0.470822,0.800278
0.830000,1.000000,0.474113,0.799971
0.840000,1.000000,0.477369,0.799677
0.850000,1.000000,0.480589,0.799398
0.860000,1.000000,0.483775,0.799134
0.870000,1.000000,0.486926,0.798883
0.880000,1.000000,0.490043,0.798646
0.890000,1.000000,0.493127,0.798422
0.900000,1.000000,0.496178,0.798212
0.910000,1.000000,0.499196,0.798014
0.920000,1.000000,0.502182,0.797829
0.930000,1.000000,0.505137,0.797657
0.940000,1.000000,0.508061,0.797497
0.950000,1.000000,0.510953,0.797349
0.960000,1.000000,0.513816,0.797213
0.970000,1.000000,0.516649,0.797088
0.980000,1.000000,0.519452,0.796975
0.990000,1.000000,0.522226,0.796874
1.000000,1.000000,0.524972,0.796783
1.010000,1.000000,0.527689,0.796703
1.020000,1.000000,0.530379,0.796634
1.030000,1.000000,0.533041,0.796575
1.040000,1.000000,0.535675,0.796527
1.050000,1.000000,0.538284,0.796488
1.060000,1.000000,0.540865,0.796460
1.070000,1.000000,0.543421,0.796441
1.080000,1.000000,0.545951,0.796432
1.090000,1.000000,0.548456,0.796432
1.100000,1.000000,0.550936,0.796442
1.110000,1.000000,0.553391,0.796460
1.120000,1.000000,0.555822,0.796487
1.130000,1.000000,0.558229,0.796524
1.140000,1.000000,0.560612,0.796568
1.150000,1.000000,0.562973,0.796621
1.160000,1.000000,0.565310,0.796683
1.170000,1.000000,0.567624,0.796752
1.180000,1.000000,0.569916,0.796829
1.190000,1.000000,0.572186,0.796915
1.200000,1.000000,0.574434,0.797007
1.210000,1.000000,0.576661,0.797108
1.220000,1.000000,0.578867,0.797216
1.230000,1.000000,0.581051,0.797331
1.240000,1.000000,0.583215,0.797453
1.250000,1.000000,0.585359,0.797582
1.260000,1.000000,0.587482,0.797717
1.270000,1.000000,0.589586,0.797860
1.280000,1.000000,0.591670,0.798009
1.290000,1.000000,0.593735,0.798165
1.300000,1.000000,0.595781,0.798327
1.310000,1.000000,0.597808,0.798495
1.320000,1.000000,0.599817,0.798669
1.330000,1.000000,0.601807,0.798849
1.340000,1.000000,0.603780,0.799035
1.350000,1.000000,0.605734,0.799227
1.360000,1.000000,0.607671,0.799424
1.370000,1.000000,0.609591,0.799627
1.380000,1.000000,0.611493,0.799835
1.390000,1.000000,0.613379,0.800049
1.400000,1.000000,0.615247,0.800267
1.410000,1.000000,0.617100,0.800491
1.420000,1.000000,0.618936,0.800720
1.430000,1.000000,0.620756,0.800954
1.440000,1.000000,0.622561,0.801192
1.450000,1.000000,0.624349,0.801435
1.460000,1.000000,0.626123,0.801683
1.470000,1.000000,0.627881,0.801935
1.480000,1.000000,0.629624,0.802192
1.490000,1.000000,0.631352,0.802453
1.500000,1.000000,0.633066,0.802718
1.510000,1.000000,0.634765,0.802987
1.520000,1.000000,0.636450,0.803260
1.530000,1.000000,0.638121,0.803537
1.540000,1.000000,0.639778,0.803819
1.550000,1.000000,0.641421,0.804104
1.560000,1.000000,0.643051,0.804392
1.570000,1.000000,0.644667,0.804684
1.580000,1.000000,0.646270,0.804980
1.590000,1.000000,0.647860,0.805280
1.600000,1.000000,0.649438,0.805582
1.610000,1.000000,0.651002,0.805888
1.620000,1.000000,0.652554,0.806197
1.630000,1.000000,0.654094,0.806510
1.640000,1.000000,0.655621,0.806825
1.650000,1.000000,0.657136,0.807144
1.660000,1.000000,0.658639,0.807466
1.670000,1.000000,0.660131,0.807790
1.680000,1.000000,0.661611,0.808117
1.690000,1.000000,0.663079,0.808447
1.700000,1.000000,0.664536,0.808780
1.710000,1.000000,0.665982,0.809115
1.720000,1.000000,0.667417,0.809453
1.730000,1.000000,0.668841,0.809793
1.740000,1.000000,0.670253,0.810136
1.750000,1.000000,0.671656,0.810482
1.760000,1.000000,0.673047,0.810829
1.770000,1.000000,0.674429,0.811179
1.780000,1.000000,0.675800,0.811531
1.790000,1.000000,0.677161,0.811885
1.800000,1.000000,0.678511,0.812241
1.810000,1.000000,0.679852,0.812600
1.820000,1.000000,0.681183,0.812960
1.830000,1.000000,0.682505,0.813322
1.840000,1.000000,0.683817,0.813686
1.850000,1.000000,0.685119,0.814052
1.860000,1.000000,0.686412,0.814420
1.870000,1.000000,0.687696,0.814790
1.880000,1.000000,0.688970,0.815161
1.890000,1.000000,0.690236,0.815534
1.900000,1.000000,0.691493,0.815908
1.910000,1.000000,0.692741,0.816284
1.920000,1.000000,0.693980,0.816662
1.930000,1.000000,0.695211,0.817041
1.940000,1.000000,0.696433,0.817421
1.950000,1.000000,0.697646,0.817803
1.960000,1.000000,0.698852,0.818186
1.970000,1.000000,0.700049,0.818570
1.980000,1.000000,0.701238,0.818956
1.990000,1.000000,0.702419,0.819343
2.000000,1.000000,0.703592,0.819731
2.010000,1.000000,0.704757,0.820120
2.020000,1.000000,0.705915,0.820510
2.030000,1.000000,0.707065,0.820902
2.040000,1.000000,0.708207,0.821294
2.050000,1.000000,0.709342,0.821687
2.060000,1.000000,0.710469,0.822082
2.070000,1.000000,0.711589,0.822477
2.080000,1.000000,0.712702,0.822873
2.090000,1.000000,0.713808,0.823270
2.100000,1.000000,0.714907,0.823667
2.110000,1.000000,0.715998,0.824066
2.120000,1.000000,0.717083,0.824465
2.130000,1.000000,0.718161,0.824865
2.140000,1.000000,0.719232,0.825266
2.150000,1.000000,0.720296,0.825667
2.160000,1.000000,0.721354,0.826069
2.170000,1.000000,0.722405,0.826471
2.180000,1.000000,0.723450,0.826874
2.190000,1.000000,0.724488,0.827278
2.200000,1.000000,0.725520,0.827682
2.210000,1.000000,0.726545,0.828087
2.220000,1.000000,0.727565,0.828492
2.230000,1.000000,0.728578,0.828897
2.240000,1.000000,0.729586,0.829303
2.250000,1.000000,0.730587,0.829709
2.260000,1.000000,0.731582,0.830116
2.270000,1.000000,0.732571,0.830523
2.280000,1.000000,0.733555,0.830930
2.290000,1.000000,0.734533,0.831337
2.300000,1.000000,0.735505,0.831745
2.310000,1.000000,0.736471,0.832153
2.320000,1.000000,0.737432,0.832561
2.330000,1.000000,0.738388,0.832970
2.340000,1.000000,0.739338,0.833378
2.350000,1.000000,0.740282,0.833787
2.360000,1.000000,0.741221,0.834196
2.370000,1.000000,0.742155,0.834605
2.380000,1.000000,0.743084,0.835014
2.390000,1.000000,0.744007,0.835423
2.400000,1.000000,0.744925,0.835832
2.410000,1.000000,0.745838,0.836241
2.420000,1.000000,0.746747,0.836650
2.430000,1.000000,0.747650,0.837059
2.440000,1.000000,0.748548,0.837468
2.450000,1.000000,0.749441,0.837877
2.460000,1.000000,0.750330,0.838286
2.470000,1.000000,0.751213,0.838695
2.480000,1.000000,0.752092,0.839103
2.490000,1.000000,0.752966,0.839512
2.500000,1.000000,0.753836,0.839920
2.510000,1.000000,0.754701,0.840329
2.520000,1.000000,0.755561,0.840737
2.530000,1.000000,0.756417,0.841145
2.540000,1.000000,0.757268,0.841553
2.550000,1.000000,0.758115,0.841960
2.560000,1.000000,0.758958,0.842368
2.570000,1.000000,0.759796,0.842775
2.580000,1.000000,0.760630,0.843181
2.590000,1.000000,0.761459,0.843588
2.600000,1.000000,0.762285,0.843994
2.610000,1.000000,0.763106,0.844400
2.620000,1.000000,0.763923,0.844806
2.630000,1.000000,0.764736,0.845211
2.640000,1.000000,0.765545,0.845616
2.650000,1.000000,0.766349,0.846021
2.660000,1.000000,0.767150,0.846425
2.670000,1.000000,0.767947,0.846829
2.680000,1.000000,0.768740,0.847233
2.690000,1.000000,0.769529,0.847636
2.700000,1.000000,0.770314,0.848038
2.710000,1.000000,0.771095,0.848441
2.720000,1.000000,0.771873,0.848843
2.730000,1.000000,0.772646,0.849244
2.740000,1.000000,0.773416,0.849645
2.750000,1.000000,0.774183,0.850046
2.760000,1.000000,0.774945,0.850446
2.770000,1.000000,0.775704,0.850845
2.780000,1.000000,0.776460,0.851244
2.790000,1.000000,0.777211,0.851643
2.800000,1.000000,0.777960,0.852041
2.810000,1.000000,0.778705,0.852439
2.820000,1.000000,0.779446,0.852836
2.830000,1.000000,0.780184,0.853232
2.840000,1.000000,0.780918,0.853628
2.850000,1.000000,0.781649,0.854024
2.860000,1.000000,0.782377,0.854419
2.870000,1.000000,0.783101,0.854813
2.880000,1.000000,0.783822,0.855207
2.890000,1.000000,0.784540,0.855600
2.900000,1.000000,0.785255,0.855992
2.910000,1.000000,0.785966,0.856384
2.920000,1.000000,0.786674,0.856776
2.930000,1.000000,0.787379,0.857167
2.940000,1.000000,0.788081,0.857557
2.950000,1.000000,0.788779,0.857946
2.960000,1.000000,0.789475,0.858335
2.970000,1.000000,0.790167,0.858724
2.980000,1.000000,0.790857,0.859111
2.990000,1.000000,0.791543,0.859498
3.000000,1.000000,0.792227,0.859885
3.010000,1.000000,0.792907,0.860270
3.020000,1.000000,0.793585,0.860655
3.030000,1.000000,0.794259,0.861040
3.040000,1.000000,0.794931,0.861423
3.050000,1.000000,0.795600,0.861806
3.060000,1.000000,0.796265,0.862189
3.070000,1.000000,0.796928,0.862570
3.080000,1.000000,0.797589,0.862951
3.090000,1.000000,0.798246,0.863332
3.100000,1.000000,0.798901,0.863711
3.110000,1.000000,0.799553,0.864090
3.120000,1.000000,0.800202,0.864468
3.130000,1.000000,0.800848,0.864846
3.140000,1.000000,0.801492,0.865222
3.150000,1.000000,0.802133,0.865598
3.160000,1.000000,0.802771,0.865973
3.170000,1.000000,0.803407,0.866348
3.180000,1.000000,0.804040,0.866722
3.190000,1.000000,0.804671,0.867095
3.200000,1.000000,0.805299,0.867467
3.210000,1.000000,0.805924,0.867839
3.220000,1.000000,0.806547,0.868209
3.230000,1.000000,0.807167,0.868580
3.240000,1.000000,0.807785,0.868949
3.250000,1.000000,0.808401,0.869317
3.260000,1.000000,0.809013,0.869685
3.270000,1.000000,0.809624,0.870052
3.280000,1.000000,0.810232,0.870418
3.290000,1.000000,0.810837,0.870784
3.300000,1.000000,0.811440,0.871149
3.310000,1.000000,0.812041,0.871513
3.320000,1.000000,0.812639,0.871876
3.330000,1.000000,0.813235,0.872238
3.340000,1.000000,0.813829,0.872600
3.350000,1.000000,0.814420,0.872960
3.360000,1.000000,0.815009,0.873320
3.370000,1.000000,0.815596,0.873680
3.380000,1.000000,0.816181,0.874038
3.390000,1.000000,0.816763,0.874396
3.400000,1.000000,0.817343,0.874753
3.410000,1.000000,0.817920,0.875109
3.420000,1.000000,0.818496,0.875464
3.430000,1.000000,0.819069,0.875818
3.440000,1.000000,0.819640,0.876172
3.450000,1.000000,0.820209,0.876525
3.460000,1.000000,0.820776,0.876877
3.470000,1.000000,0.821340,0.877228
3.480000,1.000000,0.821902,0.877579
3.490000,1.000000,0.822463,0.877928
3.500000,1.000000,0.823021,0.878277
3.510000,1.000000,0.823577,0.878625
3.520000,1.000000,0.824131,0.878973
3.530000,1.000000,0.824683,0.879319
3.540000,1.000000,0.825233,0.879665
3.550000,1.000000,0.825780,0.880009
3.560000,1.000000,0.826326,0.880353
3.570000,1.000000,0.826870,0.880696
3.580000,1.000000,0.827411,0.881039
3.590000,1.000000,0.827951,0.881380
3.600000,1.000000,0.828489,0.881721
3.610000,1.000000,0.829025,0.882061
3.620000,1.000000,0.829558,0.882400
3.630000,1.000000,0.830090,0.882738
3.640000,1.000000,0.830620,0.883076
3.650000,1.000000,0.831148,0.883412
3.660000,1.000000,0.831674,0.883748
3.670000,1.000000,0.832198,0.884083
3.680000,1.000000,0.832720,0.884417
3.690000,1.000000,0.833240,0.884750
3.700000,1.000000,0.833759,0.885083
3.710000,1.000000,0.834275,0.885414
3.720000,1.000000,0.834790,0.885745
3.730000,1.000000,0.835303,0.886075
3.740000,1.000000,0.835814,0.886405
3.750000,1.000000,0.836323,0.886733
3.760000,1.000000,0.836831,0.887060
3.770000,1.000000,0.837336,0.887387
3.780000,1.000000,0.837840,0.887713
3.790000,1.000000,0.838342,0.888038
3.800000,1.000000,0.838842,0.888363
3.810000,1.000000,0.839341,0.888686
3.820000,1.000000,0.839837,0.889009
3.830000,1.000000,0.840332,0.889330
3.840000,1.000000,0.840825,0.889651
3.850000,1.000000,0.841317,0.889972
3.860000,1.000000,0.841807,0.890291
3.870000,1.000000,0.842295,0.890609
3.880000,1.000000,0.842781,0.890927
3.890000,1.000000,0.843266,0.891244
3.900000,1.000000,0.843748,0.891560
3.910000,1.000000,0.844230,0.891875
3.920000,1.000000,0.844709,0.892190
3.930000,1.000000,0.845187,0.892503
3.940000,1.000000,0.845664,0.892816
3.950000,1.000000,0.846138,0.893128
3.960000,1.000000,0.846611,0.893439
3.970000,1.000000,0.847083,0.893750
3.980000,1.000000,0.847552,0.894059
3.990000,1.000000,0.848021,0.894368
4.000000,1.000000,0.848487,0.894676
4.010000,1.000000,0.848952,0.894983
4.020000,1.000000,0.849415,0.895289
4.030000,1.000000,0.849877,0.895595
4.040000,1.000000,0.850337,0.895900
4.050000,1.000000,0.850796,0.896203
4.060000,1.000000,0.851253,0.896507
4.070000,1.000000,0.851709,0.896809
4.080000,1.000000,0.852163,0.897110
4.090000,1.000000,0.852615,0.897411
4.100000,1.000000,0.853066,0.897711
4.110000,1.000000,0.853516,0.898010
4.120000,1.000000,0.853964,0.898308
4.130000,1.000000,0.854410,0.898606
4.140000,1.000000,0.854855,0.898902
4.150000,1.000000,0.855298,0.899198
4.160000,1.000000,0.855740,0.899493
4.170000,1.000000,0.856181,0.899787
4.180000,1.000000,0.856620,0.900081
4.190000,1.000000,0.857057,0.900373
4.200000,1.000000,0.857493,0.900665
4.210000,1.000000,0.857928,0.900956
4.220000,1.000000,0.858361,0.901247
4.230000,1.000000,0.858793,0.901536
4.240000,1.000000,0.859223,0.901825
4.250000,1.000000,0.859652,0.902113
4.260000,1.000000,0.860080,0.902400
4.270000,1.000000,0.860506,0.902686
4.280000,1.000000,0.860930,0.902972
4.290000,1.000000,0.861354,0.903257
4.300000,1.000000,0.861775,0.903541
4.310000,1.000000,0.862196,0.903824
4.320000,1.000000,0.862615,0.904106
4.330000,1.000000,0.863033,0.904388
4.340000,1.000000,0.863449,0.904669
4.350000,1.000000,0.863864,0.904949
4.360000,1.000000,0.864278,0.905229
4.370000,1.000000,0.864690,0.905507
4.380000,1.000000,0.865101,0.905785
4.390000,1.000000,0.865511,0.906062
4.400000,1.000000,0.865919,0.906338
4.410000,1.000000,0.866326,0.906614
4.420000,1.000000,0.866732,0.906889
4.430000,1.000000,0.867136,0.907163
4.440000,1.000000,0.867539,0.907436
4.450000,1.000000,0.867941,0.907708
4.460000,1.000000,0.868341,0.907980
4.470000,1.000000,0.868740,0.908251
4.480000,1.000000,0.869138,0.908521
4.490000,1.000000,0.869534,0.908791
4.500000,1.000000,0.869930,0.909059
4.510000,1.000000,0.870324,0.909327
4.520000,1.000000,0.870716,0.909594
4.530000,1.000000,0.871108,0.909861
4.540000,1.000000,0.871498,0.910127
4.550000,1.000000,0.871887,0.910391
4.560000,1.000000,0.872275,0.910656
4.570000,1.000000,0.872661,0.910919
4.580000,1.000000,0.873046,0.911182
4.590000,1.000000,0.873430,0.911444
4.600000,1.000000,0.873813,0.911705
4.610000,1.000000,0.874194,0.911966
4.620000,1.000000,0.874575,0.912225
4.630000,1.000000,0.874954,0.912484
4.640000,1.000000,0.875332,0.912743
4.650000,1.000000,0.875708,0.913000
4.660000,1.000000,0.876084,0.913257
4.670000,1.000000,0.876458,0.913513
4.680000,1.000000,0.876831,0.913769
4.690000,1.000000,0.877203,0.914023
4.700000,1.000000,0.877574,0.914277
4.710000,1.000000,0.877944,0.914531
4.720000,1.000000,0.878312,0.914783
4.730000,1.000000,0.878679,0.915035
4.740000,1.000000,0.879045,0.915286
4.750000,1.000000,0.879410,0.915536
4.760000,1.000000,0.879774,0.915786
4.770000,1.000000,0.880137,0.916035
4.780000,1.000000,0.880498,0.916283
4.790000,1.000000,0.880858,0.916531
4.800000,1.000000,0.881218,0.916777
4.810000,1.000000,0.881576,0.917024
4.820000,1.000000,0.881933,0.917269
4.830000,1.000000,0.882288,0.917514
4.840000,1.000000,0.882643,0.917758
4.850000,1.000000,0.882997,0.918001
4.860000,1.000000,0.883349,0.918244
4.870000,1.000000,0.883700,0.918486
4.880000,1.000000,0.884051,0.918727
4.890000,1.000000,0.884400,0.918967
4.900000,1.000000,0.884748,0.919207
4.910000,1.000000,0.885095,0.919446
4.920000,1.000000,0.885441,0.919685
4.930000,1.000000,0.885786,0.919923
4.940000,1.000000,0.886129,0.920160
4.950000,1.000000,0.886472,0.920396
4.960000,1.000000,0.886814,0.920632
4.970000,1.000000,0.887154,0.920867
4.980000,1.000000,0.887494,0.921101
4.990000,1.000000,0.887832,0.921335
5.000000,1.000000,0.888169,0.921568
5.010000,1.000000,0.888506,0.921800
5.020000,1.000000,0.888841,0.922032
5.030000,1.000000,0.889175,0.922263
5.040000,1.000000,0.889508,0.922494
5.050000,1.000000,0.889841,0.922723
5.060000,1.000000,0.890172,0.922952
5.070000,1.000000,0.890502,0.923181
5.080000,1.000000,0.890831,0.923408
5.090000,1.000000,0.891159,0.923635
5.100000,1.000000,0.891486,0.923862
5.110000,1.000000,0.891812,0.924088
5.120000,1.000000,0.892137,0.924313
5.130000,1.000000,0.892461,0.924537
5.140000,1.000000,0.892784,0.924761
5.150000,1.000000,0.893106,0.924984
5.160000,1.000000,0.893427,0.925207
5.170000,1.000000,0.893747,0.925428
5.180000,1.000000,0.894066,0.925650
5.190000,1.000000,0.894384,0.925870
5.200000,1.000000,0.894701,0.926090
5.210000,1.000000,0.895017,0.926309
5.220000,1.000000,0.895332,0.926528
5.230000,1.000000,0.895646,0.926746
5.240000,1.000000,0.895960,0.926963
5.250000,1.000000,0.896272,0.927180
5.260000,1.000000,0.896583,0.927396
5.270000,1.000000,0.896893,0.927612
5.280000,1.000000,0.897203,0.927827
5.290000,1.000000,0.897511,0.928041
5.300000,1.000000,0.897818,0.928254
5.310000,1.000000,0.898125,0.928467
5.320000,1.000000,0.898430,0.928680
5.330000,1.000000,0.898735,0.928891
5.340000,1.000000,0.899039,0.929103
5.350000,1.000000,0.899342,0.929313
5.360000,1.000000,0.899643,0.929523
5.370000,1.000000,0.899944,0.929732
5.380000,1.000000,0.900244,0.929941
5.390000,1.000000,0.900543,0.930149
5.400000,1.000000,0.900841,0.930357
5.410000,1.000000,0.901139,0.930563
5.420000,1.000000,0.901435,0.930770
5.430000,1.000000,0.901730,0.930975
5.440000,1.000000,0.902025,0.931180
5.450000,1.000000,0.902318,0.931385
5.460000,1.000000,0.902611,0.931589
5.470000,1.000000,0.902903,0.931792
5.480000,1.000000,0.903194,0.931994
5.490000,1.000000,0.903484,0.932197
5.500000,1.000000,0.903773,0.932398
5.510000,1.000000,0.904061,0.932599
5.520000,1.000000,0.904349,0.932799
5.530000,1.000000,0.904635,0.932999
5.540000,1.000000,0.904921,0.933198
5.550000,1.000000,0.905206,0.933397
5.560000,1.000000,0.905489,0.933594
5.570000,1.000000,0.905772,0.933792
5.580000,1.000000,0.906055,0.933989
5.590000,1.000000,0.906336,0.934185
5.600000,1.000000,0.906616,0.934381
5.610000,1.000000,0.906896,0.934576
5.620000,1.000000,0.907175,0.934770
5.630000,1.000000,0.907453,0.934964
5.640000,1.000000,0.907730,0.935157
5.650000,1.000000,0.908006,0.935350
5.660000,1.000000,0.908281,0.935542
5.670000,1.000000,0.908556,0.935734
5.680000,1.000000,0.908829,0.935925
5.690000,1.000000,0.909102,0.936116
5.700000,1.000000,0.909374,0.936306
5.710000,1.000000,0.909646,0.936495
5.720000,1.000000,0.909916,0.936684
5.730000,1.000000,0.910185,0.936872
5.740000,1.000000,0.910454,0.937060
5.750000,1.000000,0.910722,0.937247
5.760000,1.000000,0.910989,0.937434
5.770000,1.000000,0.911256,0.937620
5.780000,1.000000,0.911521,0.937805
5.790000,1.000000,0.911786,0.937990
5.800000,1.000000,0.912050,0.938175
5.810000,1.000000,0.912313,0.938359
5.820000,1.000000,0.912575,0.938542
5.830000,1.000000,0.912837,0.938725
5.840000,1.000000,0.913097,0.938907
5.850000,1.000000,0.913357,0.939089
5.860000,1.000000,0.913616,0.939270
5.870000,1.000000,0.913875,0.939451
5.880000,1.000000,0.914132,0.939631
5.890000,1.000000,0.914389,0.939811
5.900000,1.000000,0.914645,0.939990
5.910000,1.000000,0.914900,0.940168
5.920000,1.000000,0.915155,0.940346
5.930000,1.000000,0.915408,0.940524
5.940000,1.000000,0.915661,0.940701
5.950000,1.000000,0.915913,0.940877
5.960000,1.000000,0.916165,0.941053
5.970000,1.000000,0.916415,0.941229
5.980000,1.000000,0.916665,0.941404
5.990000,1.000000,0.916915,0.941578
6.000000,1.000000,0.917163,0.941752
6.010000,1.000000,0.917411,0.941925
6.020000,1.000000,0.917657,0.942098
6.030000,1.000000,0.917904,0.942270
6.040000,1.000000,0.918149,0.942442
6.050000,1.000000,0.918394,0.942614
6.060000,1.000000,0.918637,0.942784
6.070000,1.000000,0.918881,0.942955
6.080000,1.000000,0.919123,0.943124
6.090000,1.000000,0.919365,0.943294
6.100000,1.000000,0.919606,0.943463
6.110000,1.000000,0.919846,0.943631
6.120000,1.000000,0.920086,0.943799
6.130000,1.000000,0.920324,0.943966
6.140000,1.000000,0.920562,0.944133
6.150000,1.000000,0.920800,0.944299
6.160000,1.000000,0.921036,0.944465
6.170000,1.000000,0.921272,0.944630
6.180000,1.000000,0.921508,0.944795
6.190000,1.000000,0.921742,0.944960
6.200000,1.000000,0.921976,0.945123
6.210000,1.000000,0.922209,0.945287
6.220000,1.000000,0.922441,0.945450
6.230000,1.000000,0.922673,0.945612
6.240000,1.000000,0.922904,0.945774
6.250000,1.000000,0.923134,0.945936
6.260000,1.000000,0.923364,0.946097
6.270000,1.000000,0.923593,0.946257
6.280000,1.000000,0.923821,0.946417
6.290000,1.000000,0.924049,0.946577
6.300000,1.000000,0.924276,0.946736
6.310000,1.000000,0.924502,0.946894
6.320000,1.000000,0.924727,0.947053
6.330000,1.000000,0.924952,0.947210
6.340000,1.000000,0.925176,0.947367
6.350000,1.000000,0.925400,0.947524
6.360000,1.000000,0.925623,0.947680
6.370000,1.000000,0.925845,0.947836
6.380000,1.000000,0.926066,0.947992
6.390000,1.000000,0.926287,0.948147
6.400000,1.000000,0.926507,0.948301
6.410000,1.000000,0.926727,0.948455
6.420000,1.000000,0.926945,0.948609
6.430000,1.000000,0.927164,0.948762
6.440000,1.000000,0.927381,0.948914
6.450000,1.000000,0.927598,0.949066
6.460000,1.000000,0.927814,0.949218
6.470000,1.000000,0.928030,0.949369
6.480000,1.000000,0.928245,0.949520
6.490000,1.000000,0.928459,0.949671
6.500000,1.000000,0.928673,0.949820
6.510000,1.000000,0.928886,0.949970
6.520000,1.000000,0.929098,0.950119
6.530000,1.000000,0.929310,0.950268
6.540000,1.000000,0.929521,0.950416
6.550000,1.000000,0.929731,0.950563
6.560000,1.000000,0.929941,0.950711
6.570000,1.000000,0.930150,0.950857
6.580000,1.000000,0.930359,0.951004
6.590000,1.000000,0.930566,0.951150
6.600000,1.000000,0.930774,0.951295
6.610000,1.000000,0.930980,0.951440
6.620000,1.000000,0.931186,0.951585
6.630000,1.000000,0.931392,0.951729
6.640000,1.000000,0.931597,0.951873
6.650000,1.000000,0.931801,0.952017
6.660000,1.000000,0.932004,0.952160
6.670000,1.000000,0.932207,0.952302
6.680000,1.000000,0.932410,0.952444
6.690000,1.000000,0.932612,0.952586
6.700000,1.000000,0.932813,0.952727
6.710000,1.000000,0.933013,0.952868
6.720000,1.000000,0.933213,0.953008
6.730000,1.000000,0.933413,0.953148
6.740000,1.000000,0.933611,0.953288
6.750000,1.000000,0.933810,0.953427
6.760000,1.000000,0.934007,0.953566
6.770000,1.000000,0.934204,0.953704
6.780000,1.000000,0.934400,0.953842
6.790000,1.000000,0.934596,0.953980
6.800000,1.000000,0.934791,0.954117
6.810000,1.000000,0.934986,0.954254
6.820000,1.000000,0.935180,0.954390
6.830000,1.000000,0.935374,0.954526
6.840000,1.000000,0.935566,0.954661
6.850000,1.000000,0.935759,0.954797
6.860000,1.000000,0.935950,0.954931
6.870000,1.000000,0.936142,0.955066
6.880000,1.000000,0.936332,0.955199
6.890000,1.000000,0.936522,0.955333
6.900000,1.000000,0.936712,0.955466
6.910000,1.000000,0.936901,0.955599
6.920000,1.000000,0.937089,0.955731
6.930000,1.000000,0.937277,0.955863
6.940000,1.000000,0.937464,0.955995
6.950000,1.000000,0.937650,0.956126
6.960000,1.000000,0.937836,0.956256
6.970000,1.000000,0.938022,0.956387
6.980000,1.000000,0.938207,0.956517
6.990000,1.000000,0.938391,0.956646
7.000000,1.000000,0.938575,0.956776
7.010000,1.000000,0.938758,0.956904
7.020000,1.000000,0.938941,0.957033
7.030000,1.000000,0.939123,0.957161
7.040000,1.000000,0.939305,0.957289
7.050000,1.000000,0.939486,0.957416
7.060000,1.000000,0.939667,0.957543
7.070000,1.000000,0.939847,0.957669
7.080000,1.000000,0.940026,0.957795
7.090000,1.000000,0.940205,0.957921
7.100000,1.000000,0.940384,0.958047
7.110000,1.000000,0.940561,0.958172
7.120000,1.000000,0.940739,0.958296
7.130000,1.000000,0.940916,0.958421
7.140000,1.000000,0.941092,0.958545
7.150000,1.000000,0.941268,0.958668
7.160000,1.000000,0.941443,0.958791
7.170000,1.000000,0.941618,0.958914
7.180000,1.000000,0.941792,0.959037
7.190000,1.000000,0.941965,0.959159
7.200000,1.000000,0.942139,0.959280
7.210000,1.000000,0.942311,0.959402
7.220000,1.000000,0.942483,0.959523
7.230000,1.000000,0.942655,0.959643
7.240000,1.000000,0.942826,0.959764
7.250000,1.000000,0.942997,0.959884
7.260000,1.000000,0.943167,0.960003
7.270000,1.000000,0.943336,0.960122
7.280000,1.000000,0.943505,0.960241
7.290000,1.000000,0.943674,0.960360
7.300000,1.000000,0.943842,0.960478
7.310000,1.000000,0.944009,0.960596
7.320000,1.000000,0.944176,0.960713
7.330000,1.000000,0.944343,0.960830
7.340000,1.000000,0.944509,0.960947
7.350000,1.000000,0.944675,0.961063
7.360000,1.000000,0.944840,0.961180
7.370000,1.000000,0.945004,0.961295
7.380000,1.000000,0.945168,0.961411
7.390000,1.000000,0.945332,0.961526
7.400000,1.000000,0.945495,0.961640
7.410000,1.000000,0.945657,0.961755
7.420000,1.000000,0.945820,0.961869
7.430000,1.000000,0.945981,0.961982
7.440000,1.000000,0.946142,0.962096
7.450000,1.000000,0.946303,0.962209
7.460000,1.000000,0.946463,0.962321
7.470000,1.000000,0.946623,0.962434
7.480000,1.000000,0.946782,0.962546
7.490000,1.000000,0.946941,0.962657
7.500000,1.000000,0.947099,0.962769
7.510000,1.000000,0.947257,0.962880
7.520000,1.000000,0.947414,0.962990
7.530000,1.000000,0.947571,0.963101
7.540000,1.000000,0.947728,0.963211
7.550000,1.000000,0.947883,0.963320
7.560000,1.000000,0.948039,0.963430
7.570000,1.000000,0.948194,0.963539
7.580000,1.000000,0.948348,0.963647
7.590000,1.000000,0.948503,0.963756
7.600000,1.000000,0.948656,0.963864
7.610000,1.000000,0.948809,0.963971
7.620000,1.000000,0.948962,0.964079
7.630000,1.000000,0.949114,0.964186
7.640000,1.000000,0.949266,0.964293
7.650000,1.000000,0.949417,0.964399
7.660000,1.000000,0.949568,0.964505
7.670000,1.000000,0.949719,0.964611
7.680000,1.000000,0.949869,0.964717
7.690000,1.000000,0.950018,0.964822
7.700000,1.000000,0.950167,0.964927
7.710000,1.000000,0.950316,0.965031
7.720000,1.000000,0.950464,0.965135
7.730000,1.000000,0.950612,0.965239
7.740000,1.000000,0.950759,0.965343
7.750000,1.000000,0.950906,0.965446
7.760000,1.000000,0.951052,0.965549
7.770000,1.000000,0.951198,0.965652
7.780000,1.000000,0.951344,0.965754
7.790000,1.000000,0.951489,0.965856
7.800000,1.000000,0.951634,0.965958
7.810000,1.000000,0.951778,0.966060
7.820000,1.000000,0.951922,0.966161
7.830000,1.000000,0.952065,0.966262
7.840000,1.000000,0.952208,0.966362
7.850000,1.000000,0.952351,0.966463
7.860000,1.000000,0.952493,0.966563
7.870000,1.000000,0.952635,0.966662
7.880000,1.000000,0.952776,0.966762
7.890000,1.000000,0.952917,0.966861
7.900000,1.000000,0.953057,0.966960
7.910000,1.000000,0.953197,0.967058
7.920000,1.000000,0.953337,0.967156
7.930000,1.000000,0.953476,0.967254
7.940000,1.000000,0.953615,0.967352
7.950000,1.000000,0.953753,0.967449
7.960000,1.000000,0.953891,0.967546
7.970000,1.000000,0.954029,0.967643
7.980000,1.000000,0.954166,0.967739
7.990000,1.000000,0.954302,0.967836
8.000000,1.000000,0.954439,0.967932
8.010000,1.000000,0.954575,0.968027
8.020000,1.000000,0.954710,0.968122
8.030000,1.000000,0.954845,0.968218
8.040000,1.000000,0.954980,0.968312
8.050000,1.000000,0.955114,0.968407
8.060000,1.000000,0.955248,0.968501
8.070000,1.000000,0.955381,0.968595
8.080000,1.000000,0.955514,0.968688
8.090000,1.000000,0.955647,0.968782
8.100000,1.000000,0.955779,0.968875
8.110000,1.000000,0.955911,0.968968
8.120000,1.000000,0.956043,0.969060
8.130000,1.000000,0.956174,0.969152
8.140000,1.000000,0.956305,0.969244
8.150000,1.000000,0.956435,0.969336
8.160000,1.000000,0.956565,0.969428
8.170000,1.000000,0.956694,0.969519
8.180000,1.000000,0.956823,0.969610
8.190000,1.000000,0.956952,0.969700
8.200000,1.000000,0.957081,0.969791
8.210000,1.000000,0.957209,0.969881
8.220000,1.000000,0.957336,0.969970
8.230000,1.000000,0.957463,0.970060
8.240000,1.000000,0.957590,0.970149
8.250000,1.000000,0.957717,0.970238
8.260000,1.000000,0.957843,0.970327
8.270000,1.000000,0.957969,0.970415
8.280000,1.000000,0.958094,0.970504
8.290000,1.000000,0.958219,0.970592
8.300000,1.000000,0.958344,0.970679
8.310000,1.000000,0.958468,0.970767
8.320000,1.000000,0.958592,0.970854
8.330000,1.000000,0.958715,0.970941
8.340000,1.000000,0.958838,0.971027
8.350000,1.000000,0.958961,0.971114
8.360000,1.000000,0.959083,0.971200
8.370000,1.000000,0.959205,0.971286
8.380000,1.000000,0.959327,0.971371
8.390000,1.000000,0.959448,0.971457
8.400000,1.000000,0.959569,0.971542
8.410000,1.000000,0.959690,0.971627
8.420000,1.000000,0.959810,0.971711
8.430000,1.000000,0.959930,0.971796
8.440000,1.000000,0.960049,0.971880
8.450000,1.000000,0.960169,0.971964
8.460000,1.000000,0.960287,0.972047
8.470000,1.000000,0.960406,0.972130
8.480000,1.000000,0.960524,0.972214
8.490000,1.000000,0.960642,0.972296
8.500000,1.000000,0.960759,0.972379
8.510000,1.000000,0.960876,0.972461
8.520000,1.000000,0.960993,0.972543
8.530000,1.000000,0.961109,0.972625
8.540000,1.000000,0.961225,0.972707
8.550000,1.000000,0.961341,0.972788
8.560000,1.000000,0.961456,0.972869
8.570000,1.000000,0.961571,0.972950
8.580000,1.000000,0.961685,0.973031
8.590000,1.000000,0.961800,0.973111
8.600000,1.000000,0.961914,0.973192
8.610000,1.000000,0.962027,0.973272
8.620000,1.000000,0.962140,0.973351
8.630000,1.000000,0.962253,0.973431
8.640000,1.000000,0.962366,0.973510
8.650000,1.000000,0.962478,0.973589
8.660000,1.000000,0.962590,0.973668
8.670000,1.000000,0.962702,0.973746
8.680000,1.000000,0.962813,0.973824
8.690000,1.000000,0.962924,0.973902
8.700000,1.000000,0.963034,0.973980
8.710000,1.000000,0.963145,0.974058
8.720000,1.000000,0.963254,0.974135
8.730000,1.000000,0.963364,0.974212
8.740000,1.000000,0.963473,0.974289
8.750000,1.000000,0.963582,0.974366
8.760000,1.000000,0.963691,0.974442
8.770000,1.000000,0.963799,0.974519
8.780000,1.000000,0.963907,0.974595
8.790000,1.000000,0.964015,0.974670
8.800000,1.000000,0.964122,0.974746
8.810000,1.000000,0.964229,0.974821
8.820000,1.000000,0.964336,0.974896
8.830000,1.000000,0.964442,0.974971
8.840000,1.000000,0.964548,0.975046
8.850000,1.000000,0.964654,0.975120
8.860000,1.000000,0.964759,0.975194
8.870000,1.000000,0.964864,0.975268
8.880000,1.000000,0.964969,0.975342
8.890000,1.000000,0.965074,0.975415
8.900000,1.000000,0.965178,0.975489
8.910000,1.000000,0.965281,0.975562
8.920000,1.000000,0.965385,0.975635
8.930000,1.000000,0.965488,0.975707
8.940000,1.000000,0.965591,0.975780
8.950000,1.000000,0.965694,0.975852
8.960000,1.000000,0.965796,0.975924
8.970000,1.000000,0.965898,0.975996
8.980000,1.000000,0.966000,0.976067
8.990000,1.000000,0.966101,0.976139
9.000000,1.000000,0.966202,0.976210
9.010000,1.000000,0.966303,0.976281
9.020000,1.000000,0.966404,0.976352
9.030000,1.000000,0.966504,0.976422
9.040000,1.000000,0.966604,0.976492
9.050000,1.000000,0.966703,0.976562
9.060000,1.000000,0.966802,0.976632
9.070000,1.000000,0.966901,0.976702
9.080000,1.000000,0.967000,0.976771
9.090000,1.000000,0.967099,0.976841
9.100000,1.000000,0.967197,0.976910
9.110000,1.000000,0.967294,0.976979
9.120000,1.000000,0.967392,0.977047
9.130000,1.000000,0.967489,0.977116
9.140000,1.000000,0.967586,0.977184
9.150000,1.000000,0.967683,0.977252
9.160000,1.000000,0.967779,0.977320
9.170000,1.000000,0.967875,0.977387
9.180000,1.000000,0.967971,0.977455
9.190000,1.000000,0.968067,0.977522
9.200000,1.000000,0.968162,0.977589
9.210000,1.000000,0.968257,0.977656
9.220000,1.000000,0.968351,0.977723
9.230000,1.000000,0.968446,0.977789
9.240000,1.000000,0.968540,0.977855
9.250000,1.000000,0.968634,0.977921
9.260000,1.000000,0.968727,0.977987
9.270000,1.000000,0.968821,0.978053
9.280000,1.000000,0.968913,0.978118
9.290000,1.000000,0.969006,0.978183
9.300000,1.000000,0.969099,0.978248
9.310000,1.000000,0.969191,0.978313
9.320000,1.000000,0.969283,0.978378
9.330000,1.000000,0.969374,0.978442
9.340000,1.000000,0.969466,0.978507
9.350000,1.000000,0.969557,0.978571
9.360000,1.000000,0.969647,0.978635
9.370000,1.000000,0.969738,0.978698
9.380000,1.000000,0.969828,0.978762
9.390000,1.000000,0.969918,0.978825
9.400000,1.000000,0.970008,0.978888
9.410000,1.000000,0.970097,0.978951
9.420000,1.000000,0.970186,0.979014
9.430000,1.000000,0.970275,0.979077
9.440000,1.000000,0.970364,0.979139
9.450000,1.000000,0.970452,0.979201
9.460000,1.000000,0.970540,0.979263
9.470000,1.000000,0.970628,0.979325
9.480000,1.000000,0.970716,0.979387
9.490000,1.000000,0.970803,0.979448
9.500000,1.000000,0.970890,0.979509
9.510000,1.000000,0.970977,0.979571
9.520000,1.000000,0.971064,0.979632
9.530000,1.000000,0.971150,0.979692
9.540000,1.000000,0.971236,0.979753
9.550000,1.000000,0.971322,0.979813
9.560000,1.000000,0.971407,0.979873
9.570000,1.000000,0.971492,0.979933
9.580000,1.000000,0.971577,0.979993
9.590000,1.000000,0.971662,0.980053
9.600000,1.000000,0.971747,0.980112
9.610000,1.000000,0.971831,0.980172
9.620000,1.000000,0.971915,0.980231
9.630000,1.000000,0.971999,0.980290
9.640000,1.000000,0.972082,0.980348
9.650000,1.000000,0.972165,0.980407
9.660000,1.000000,0.972248,0.980466
9.670000,1.000000,0.972331,0.980524
9.680000,1.000000,0.972414,0.980582
9.690000,1.000000,0.972496,0.980640
9.700000,1.000000,0.972578,0.980697
9.710000,1.000000,0.972660,0.980755
9.720000,1.000000,0.972741,0.980812
9.730000,1.000000,0.972823,0.980870
9.740000,1.000000,0.972904,0.980927
9.750000,1.000000,0.972984,0.980984
9.760000,1.000000,0.973065,0.981040
9.770000,1.000000,0.973145,0.981097
9.780000,1.000000,0.973225,0.981153
9.790000,1.000000,0.973305,0.981209
9.800000,1.000000,0.973385,0.981265
9.810000,1.000000,0.973464,0.981321
9.820000,1.000000,0.973543,0.981377
9.830000,1.000000,0.973622,0.981432
9.840000,1.000000,0.973701,0.981488
9.850000,1.000000,0.973779,0.981543
9.860000,1.000000,0.973857,0.981598
9.870000,1.000000,0.973935,0.981653
9.880000,1.000000,0.974013,0.981708
9.890000,1.000000,0.974091,0.981762
9.900000,1.000000,0.974168,0.981817
9.910000,1.000000,0.974245,0.981871
9.920000,1.000000,0.974322,0.981925
9.930000,1.000000,0.974398,0.981979
9.940000,1.000000,0.974475,0.982032
9.950000,1.000000,0.974551,0.982086
9.960000,1.000000,0.974627,0.982139
9.970000,1.000000,0.974702,0.982193
9.980000,1.000000,0.974778,0.982246
9.990000,1.000000,0.974853,0.982299
10.000000,1.000000,0.974928,0.982352
